FileName,name,templateid,id,join
Sliders-Adv L Crcl Ticks Tool.cuiw,Sliders-Adv L Crcl Ticks Tool,w25ce2f6c-0213-4cae-95a2-69a15c95b87b,rxlch,101
Sliders-Adv L Crcl Tool.cuiw,Sliders-Adv L Crcl Tool,wf047f88e-1088-44b7-ab08-3ec7afe18e2e,oiqso,102
Sliders-Adv L Crcl.cuiw,Sliders-Adv L Crcl,w2f529d45-f365-4247-9c33-d63309aae1bf,sdvga,103
Sliders-Adv L Ovl Ticks Tool.cuiw,Sliders-Adv L Ovl Ticks Tool,wb51eb1af-b764-4eaf-a448-1c2ea1389c60,zbraz,104
Sliders-Adv L Ovl Tool.cuiw,Sliders-Adv L Ovl Tool,wf047f88e-1088-54b7-ab08-3ec7afe18e2e,beujf,105
Sliders-Adv L Ovl.cuiw,Sliders-Adv L Ovl,w2f529d45-f365-4247-9c33-d63309aae2bf,xuetf,106
Sliders-Adv L R-Rec Ticks Tool.cuiw,Sliders-Adv L R-Rec Ticks Tool,wc2e5e8da-e7e5-4abf-8551-bc1ea1abf24e,ujdwh,107
Sliders-Adv L R-Rec Tool.cuiw,Sliders-Adv L R-Rec Tool,wf047f88e-1088-64b7-ab08-3ec7afe18e2e,hatzf,108
Sliders-Adv L R-Rec.cuiw,Sliders-Adv L R-Rec,w2f529d45-f365-4247-9c33-d63309aae3bf,djrzf,109
Sliders-Adv L Rec Ticks Tools.cuiw,Sliders-Adv L Rec Ticks Tools,w343bf844-aa21-46f0-aece-7685d61da2ac,zmghj,110
Sliders-Adv L Rec Tool.cuiw,Sliders-Adv L Rec Tool,wf047f88e-1088-74b7-ab08-3ec7afe18e2e,ykrnv,111
Sliders-Adv L Rec.cuiw,Sliders-Adv L Rec,w2f529d45-f365-4247-9c33-d63309aae4bf,mmdpr,112
Sliders-Adv R Crcl Ticks Tool.cuiw,Sliders-Adv R Crcl Ticks Tool,w08d1253e-4b80-4e31-a3d6-9a61cc85d141,ngssx,113
Sliders-Adv R Crcl Tool.cuiw,Sliders-Adv R Crcl Tool,wf047f88e-1088-45b7-ab08-3ec7afe18e2e,gxhxc,114
Sliders-Adv R Crcl.cuiw,Sliders-Adv R Crcl,w2f529d45-f365-4247-9c33-d63319aae1bf,yvsbx,115
Sliders-Adv R Ovl Ticks Tool.cuiw,Sliders-Adv R Ovl Ticks Tool,w2662f762-675a-43e1-b559-22ce9bfa0447,hxqno,116
Sliders-Adv R Ovl Tool.cuiw,Sliders-Adv R Ovl Tool,wf047f88e-1088-55b7-ab08-3ec7afe18e2e,kgkht,117
Sliders-Adv R Ovl.cuiw,Sliders-Adv R Ovl,w2f529d45-f365-4247-9c33-d63329aae2bf,trzhg,118
Sliders-Adv R R-Rec Ticks Tool.cuiw,Sliders-Adv R R-Rec Ticks Tool,w01e26044-d452-4c9f-a76e-f12686e8fa9b,lhftv,119
Sliders-Adv R R-Rec Tool.cuiw,Sliders-Adv R R-Rec Tool,wf047f88e-1088-66b7-ab08-3ec7afe18e2e,vaknq,120
Sliders-Adv R R-Rec.cuiw,Sliders-Adv R R-Rec,w2f529d45-f365-4247-9c33-d63339aae3bf,iqytd,121
Sliders-Adv R Rec Ticks Tools.cuiw,Sliders-Adv R Rec Ticks Tools,w8c485939-c119-4dad-8a33-5636cd34726c,qlojd,122
Sliders-Adv R Rec Tool.cuiw,Sliders-Adv R Rec Tool,wf047f88e-1088-77b7-ab08-3ec7afe18e2e,issgi,123
Sliders-Adv R Rec.cuiw,Sliders-Adv R Rec,w2f529d45-f365-4247-9c33-d63349aae4bf,mfzyd,124
Sliders-Adv S Crcl Ticks Tool.cuiw,Sliders-Adv S Crcl Ticks Tool,wb49e4739-d3d6-4416-87d4-e9cd42ab7a30,tsele,125
Sliders-Adv S Crcl Tool.cuiw,Sliders-Adv S Crcl Tool,wf047f88e-1188-44b7-ab08-3ec7afe18e2e,ixuud,126
Sliders-Adv S Crcl.cuiw,Sliders-Adv S Crcl,w2f529d45-f365-5247-9c33-d63309aae1bf,sjasg,127
Sliders-Adv S Ovl Ticks Tool.cuiw,Sliders-Adv S Ovl Ticks Tool,w4a4df17f-c15a-492d-bd4a-d85d4323df35,svhwl,128
Sliders-Adv S Ovl Tool.cuiw,Sliders-Adv S Ovl Tool,wf047f88e-1288-54b7-ab08-3ec7afe18e2e,eqdtt,129
Sliders-Adv S Ovl.cuiw,Sliders-Adv S Ovl,w2f529d45-f365-6247-9c33-d63309aae2bf,wvqbp,130
Sliders-Adv S R-Rec Ticks Tool.cuiw,Sliders-Adv S R-Rec Ticks Tool,w8fbcd952-5a74-4244-96f4-5026a33a5536,rrnod,131
Sliders-Adv S R-Rec Tool.cuiw,Sliders-Adv S R-Rec Tool,wf047f88e-1388-64b7-ab08-3ec7afe18e2e,vhhdz,132
Sliders-Adv S R-Rec.cuiw,Sliders-Adv S R-Rec,w2f529d45-f365-6247-9c33-d63309aae3bf,exdiy,133
Sliders-Adv S Rec Ticks Tools.cuiw,Sliders-Adv S Rec Ticks Tools,wa944a043-d672-4725-bb1a-453d702a03c5,swogq,134
Sliders-Adv S Rec Tool.cuiw,Sliders-Adv S Rec Tool,wf047f88e-1488-74b7-ab08-3ec7afe18e2e,puisi,135
Sliders-Adv S Rec.cuiw,Sliders-Adv S Rec,w2f529d45-f365-7247-9c33-d63309aae4bf,gkkqk,136
Sliders-Adv XL Crcl Ticks Tool.cuiw,Sliders-Adv XL Crcl Ticks Tool,w471a2be7-f041-4a51-a4b8-98eaa533ce1b,msxsq,137
Sliders-Adv XL Crcl Tool.cuiw,Sliders-Adv XL Crcl Tool,wf147f88e-1088-44b7-ab08-3ec7afe18e2e,cmbwa,138
Sliders-Adv XL Crcl.cuiw,Sliders-Adv XL Crcl,w2f529d46-f365-4247-9c33-d63309aae1bf,qdziu,139
Sliders-Adv XL Ovl Ticks Tool.cuiw,Sliders-Adv XL Ovl Ticks Tool,wf3bb6ca1-bff9-478e-a27a-8327905448e0,hnoah,140
Sliders-Adv XL Ovl Tool.cuiw,Sliders-Adv XL Ovl Tool,wf247f88e-1088-54b7-ab08-3ec7afe18e2e,zdypi,141
Sliders-Adv XL Ovl.cuiw,Sliders-Adv XL Ovl,w2f529d47-f365-4247-9c33-d63309aae2bf,hsslt,142
Sliders-Adv XL R-Rec Ticks Tool.cuiw,Sliders-Adv XL R-Rec Ticks Tool,w075a4903-72cc-423c-9e03-9e702100fd5f,vrfsj,143
Sliders-Adv XL R-Rec Tool.cuiw,Sliders-Adv XL R-Rec Tool,wf347f88e-1088-64b7-ab08-3ec7afe18e2e,wupkz,144
Sliders-Adv XL R-Rec.cuiw,Sliders-Adv XL R-Rec,w2f529d45-f368-4247-9c33-d63309aae3bf,ekdvw,145
Sliders-Adv XL Rec Ticks Tools.cuiw,Sliders-Adv XL Rec Ticks Tools,wd4f2d0f4-157b-4b13-bbc7-2ef63441820c,vlojz,146
Sliders-Adv XL Rec Tool.cuiw,Sliders-Adv XL Rec Tool,wf447f88e-1088-74b7-ab08-3ec7afe18e2e,fcdln,147
Sliders-Adv XL Rec.cuiw,Sliders-Adv XL Rec,w2f529d45-f369-4247-9c33-d63309aae4bf,yhsqt,148
Sliders-Adv XS Crcl Ticks Tool.cuiw,Sliders-Adv XS Crcl Ticks Tool,w841f5b21-5729-4d65-8e2b-b96eae6c6978,grlfg,149
Sliders-Adv XS Crcl Tool.cuiw,Sliders-Adv XS Crcl Tool,wf147f88e-1088-44b7-ab18-3ec7afe18e2e,hlqnx,150
Sliders-Adv XS Crcl.cuiw,Sliders-Adv XS Crcl,w2f539d46-f365-4247-9c33-d63309aae1bf,lqtfg,151
Sliders-Adv XS Ovl Ticks Tool.cuiw,Sliders-Adv XS Ovl Ticks Tool,w196d71b6-5bb5-47ba-8b9d-179cb83709a9,tqxpu,152
Sliders-Adv XS Ovl Tool.cuiw,Sliders-Adv XS Ovl Tool,wf247f88e-1088-54b7-ab28-3ec7afe18e2e,gdqzr,153
Sliders-Adv XS Ovl.cuiw,Sliders-Adv XS Ovl,w2f549d47-f365-4247-9c33-d63309aae2bf,fqcgm,154
Sliders-Adv XS R-Rec Ticks Tool.cuiw,Sliders-Adv XS R-Rec Ticks Tool,wb4a619f4-368c-4470-a4c0-45656306e14b,balbt,155
Sliders-Adv XS R-Rec Tool.cuiw,Sliders-Adv XS R-Rec Tool,wf347f88e-1088-64b7-ab38-3ec7afe18e2e,smjze,156
Sliders-Adv XS R-Rec.cuiw,Sliders-Adv XS R-Rec,w2f559d45-f368-4247-9c33-d63309aae3bf,fymhv,157
Sliders-Adv XS Rec Ticks Tools.cuiw,Sliders-Adv XS Rec Ticks Tools,w569357df-e0c6-4878-9b59-ae75a8ad6a50,gbrtr,158
Sliders-Adv XS Rec Tool.cuiw,Sliders-Adv XS Rec Tool,wf447f88e-1088-74b7-ab48-3ec7afe18e2e,ohzvn,159
Sliders-Adv XS Rec.cuiw,Sliders-Adv XS Rec,w2f569d45-f369-4247-9c33-d63309aae4bf,dnizk,160
