"FileName","GUID"
"Sliders-Adv L Crcl Ticks Tool.cuiw","25ce2f6c-0213-4cae-95a2-69a15c95b87b"
"Sliders-Adv L Crcl Tool.cuiw","f047f88e-1088-44b7-ab08-3ec7afe18e2e"
"Sliders-Adv L Crcl.cuiw","2f529d45-f365-4247-9c33-d63309aae1bf"
"Sliders-Adv L Ovl Ticks Tool.cuiw","b51eb1af-b764-4eaf-a448-1c2ea1389c60"
"Sliders-Adv L Ovl Tool.cuiw","f047f88e-1088-54b7-ab08-3ec7afe18e2e"
"Sliders-Adv L Ovl.cuiw","2f529d45-f365-4247-9c33-d63309aae2bf"
"Sliders-Adv L R-Rec Ticks Tool.cuiw","c2e5e8da-e7e5-4abf-8551-bc1ea1abf24e"
"Sliders-Adv L R-Rec Tool.cuiw","f047f88e-1088-64b7-ab08-3ec7afe18e2e"
"Sliders-Adv L R-Rec.cuiw","2f529d45-f365-4247-9c33-d63309aae3bf"
"Sliders-Adv L Rec Ticks Tool.cuiw","343bf844-aa21-46f0-aece-7685d61da2ac"
"Sliders-Adv L Rec Tool.cuiw","f047f88e-1088-74b7-ab08-3ec7afe18e2e"
"Sliders-Adv L Rec.cuiw","2f529d45-f365-4247-9c33-d63309aae4bf"
"Sliders-Adv R Crcl Ticks Tool.cuiw","08d1253e-4b80-4e31-a3d6-9a61cc85d141"
"Sliders-Adv R Crcl Tool.cuiw","f047f88e-1088-45b7-ab08-3ec7afe18e2e"
"Sliders-Adv R Crcl.cuiw","2f529d45-f365-4247-9c33-d63319aae1bf"
"Sliders-Adv R Ovl Ticks Tool.cuiw","2662f762-675a-43e1-b559-22ce9bfa0447"
"Sliders-Adv R Ovl Tool.cuiw","f047f88e-1088-55b7-ab08-3ec7afe18e2e"
"Sliders-Adv R Ovl.cuiw","2f529d45-f365-4247-9c33-d63329aae2bf"
"Sliders-Adv R R-Rec Ticks Tool.cuiw","01e26044-d452-4c9f-a76e-f12686e8fa9b"
"Sliders-Adv R R-Rec Tool.cuiw","f047f88e-1088-66b7-ab08-3ec7afe18e2e"
"Sliders-Adv R R-Rec.cuiw","2f529d45-f365-4247-9c33-d63339aae3bf"
"Sliders-Adv R Rec Ticks Tool.cuiw","8c485939-c119-4dad-8a33-5636cd34726c"
"Sliders-Adv R Rec Tool.cuiw","f047f88e-1088-77b7-ab08-3ec7afe18e2e"
"Sliders-Adv R Rec.cuiw","2f529d45-f365-4247-9c33-d63349aae4bf"
"Sliders-Adv S Crcl Ticks Tool.cuiw","b49e4739-d3d6-4416-87d4-e9cd42ab7a30"
"Sliders-Adv S Crcl Tool.cuiw","f047f88e-1188-44b7-ab08-3ec7afe18e2e"
"Sliders-Adv S Crcl.cuiw","2f529d45-f365-5247-9c33-d63309aae1bf"
"Sliders-Adv S Ovl Ticks Tool.cuiw","4a4df17f-c15a-492d-bd4a-d85d4323df35"
"Sliders-Adv S Ovl Tool.cuiw","f047f88e-1288-54b7-ab08-3ec7afe18e2e"
"Sliders-Adv S Ovl.cuiw","2f529d45-f365-6247-9c33-d63309aae2bf"
"Sliders-Adv S R-Rec Ticks Tool.cuiw","8fbcd952-5a74-4244-96f4-5026a33a5536"
"Sliders-Adv S R-Rec Tool.cuiw","f047f88e-1388-64b7-ab08-3ec7afe18e2e"
"Sliders-Adv S R-Rec.cuiw","2f529d45-f365-6247-9c33-d63309aae3bf"
"Sliders-Adv S Rec Ticks Tool.cuiw","a944a043-d672-4725-bb1a-453d702a03c5"
"Sliders-Adv S Rec Tool.cuiw","f047f88e-1488-74b7-ab08-3ec7afe18e2e"
"Sliders-Adv S Rec.cuiw","2f529d45-f365-7247-9c33-d63309aae4bf"
"Sliders-Adv XL Crcl Ticks Tool.cuiw","471a2be7-f041-4a51-a4b8-98eaa533ce1b"
"Sliders-Adv XL Crcl Tool.cuiw","f147f88e-1088-44b7-ab08-3ec7afe18e2e"
"Sliders-Adv XL Crcl.cuiw","2f529d46-f365-4247-9c33-d63309aae1bf"
"Sliders-Adv XL Ovl Ticks Tool.cuiw","f3bb6ca1-bff9-478e-a27a-8327905448e0"
"Sliders-Adv XL Ovl Tool.cuiw","f247f88e-1088-54b7-ab08-3ec7afe18e2e"
"Sliders-Adv XL Ovl.cuiw","2f529d47-f365-4247-9c33-d63309aae2bf"
"Sliders-Adv XL R-Rec Ticks Tool.cuiw","075a4903-72cc-423c-9e03-9e702100fd5f"
"Sliders-Adv XL R-Rec Tool.cuiw","f347f88e-1088-64b7-ab08-3ec7afe18e2e"
"Sliders-Adv XL R-Rec.cuiw","2f529d45-f368-4247-9c33-d63309aae3bf"
"Sliders-Adv XL Rec Ticks Tool.cuiw","d4f2d0f4-157b-4b13-bbc7-2ef63441820c"
"Sliders-Adv XL Rec Tool.cuiw","f447f88e-1088-74b7-ab08-3ec7afe18e2e"
"Sliders-Adv XL Rec.cuiw","2f529d45-f369-4247-9c33-d63309aae4bf"
"Sliders-Adv XS Crcl Ticks Tool.cuiw","841f5b21-5729-4d65-8e2b-b96eae6c6978"
"Sliders-Adv XS Crcl Tool.cuiw","f147f88e-1088-44b7-ab18-3ec7afe18e2e"
"Sliders-Adv XS Crcl.cuiw","2f539d46-f365-4247-9c33-d63309aae1bf"
"Sliders-Adv XS Ovl Ticks Tool.cuiw","196d71b6-5bb5-47ba-8b9d-179cb83709a9"
"Sliders-Adv XS Ovl Tool.cuiw","f247f88e-1088-54b7-ab28-3ec7afe18e2e"
"Sliders-Adv XS Ovl.cuiw","2f549d47-f365-4247-9c33-d63309aae2bf"
"Sliders-Adv XS R-Rec Ticks Tool.cuiw","b4a619f4-368c-4470-a4c0-45656306e14b"
"Sliders-Adv XS R-Rec Tool.cuiw","f347f88e-1088-64b7-ab38-3ec7afe18e2e"
"Sliders-Adv XS R-Rec.cuiw","2f559d45-f368-4247-9c33-d63309aae3bf"
"Sliders-Adv XS Rec Ticks Tool.cuiw","569357df-e0c6-4878-9b59-ae75a8ad6a50"
"Sliders-Adv XS Rec Tool.cuiw","f447f88e-1088-74b7-ab48-3ec7afe18e2e"
"Sliders-Adv XS Rec.cuiw","2f569d45-f369-4247-9c33-d63309aae4bf"
"Sliders-Fad L Crcl Ticks Tool.cuiw","0db02f86-098e-4948-8f9c-b01ca73f3d23"
"Sliders-Fad L Crcl Tool.cuiw","c9427094-66bd-4dda-a28f-b8c41b0e753d"
"Sliders-Fad L Crcl.cuiw","d21d22fa-60d4-4595-94b8-955f0fb91ac3"
"Sliders-Fad L Ovl Ticks Tool.cuiw","77038d0d-e9ac-45b8-b797-636518432aa6"
"Sliders-Fad L Ovl Tool.cuiw","f1f78b51-5289-4795-a96f-54728dbe725a"
"Sliders-Fad L Ovl.cuiw","637d61c1-fee2-4529-b9a1-979b0d35d4d4"
"Sliders-Fad L R-Rec Ticks Tool.cuiw","6c5afe73-980d-436f-b8bf-349da7415fb4"
"Sliders-Fad L R-Rec Tool.cuiw","578fe4fb-caea-4971-8ade-2f74e85c5147"
"Sliders-Fad L R-Rec.cuiw","0e153e37-a419-4142-8f93-8610da2bb5be"
"Sliders-Fad L Rec Ticks Tool.cuiw","a845dbbb-4fff-4195-bc27-4bf9a1facc81"
"Sliders-Fad L Rec Tool.cuiw","4f8e8c80-56ba-478e-8182-3bb3bf482528"
"Sliders-Fad L Rec.cuiw","ec5d812b-55ca-4e69-982a-4d13057865e5"
"Sliders-Fad R Crcl Ticks Tool.cuiw","72f6838b-7952-454f-8bb4-750afd0b430a"
"Sliders-Fad R Crcl Tool.cuiw","0650a845-54b1-4d36-aa87-106db3af5c82"
"Sliders-Fad R Crcl.cuiw","bc0775b5-399e-487a-8be2-2b4e980a31c5"
"Sliders-Fad R Ovl Ticks Tool.cuiw","f77b1a7a-f0bb-4e91-af98-f38af352df61"
"Sliders-Fad R Ovl Tool.cuiw","d507f0bd-64d2-49fc-ad11-4096ade201a0"
"Sliders-Fad R Ovl.cuiw","ac951464-6ce4-4585-aca2-07adda8ea8bc"
"Sliders-Fad R R-Rec Ticks Tool.cuiw","99aad63e-0e72-4bc3-81ee-0547e4429e43"
"Sliders-Fad R R-Rec Tool.cuiw","2125050e-e80a-4b2c-83ee-00b8f950da30"
"Sliders-Fad R R-Rec.cuiw","8e1dfe6d-c692-488b-bc18-6d811ec95232"
"Sliders-Fad R Rec Ticks Tool.cuiw","777a48ea-955d-44a2-90da-8a0ac72b86c7"
"Sliders-Fad R Rec Tool.cuiw","4f4501c0-236f-410d-8bc0-43959240590d"
"Sliders-Fad R Rec.cuiw","50ec7000-1d5e-4cc4-90d8-266a8a628596"
"Sliders-Fad S Crcl Ticks Tool.cuiw","226a36f0-6201-41da-af2a-b9494f1f0a5f"
"Sliders-Fad S Crcl Tool.cuiw","15f2957d-03ba-404e-9a36-ffe25d9b2751"
"Sliders-Fad S Crcl.cuiw","d1ec3e4e-0aee-4876-8616-9c1d7e728713"
"Sliders-Fad S Ovl Ticks Tool.cuiw","74034b79-4d05-444f-90d2-b8328f38c8ea"
"Sliders-Fad S Ovl Tool.cuiw","cf060a2e-5bd9-4448-9392-15b0a1fd810e"
"Sliders-Fad S Ovl.cuiw","4de4e862-5ceb-4716-adf3-3d89cdabc9e4"
"Sliders-Fad S R-Rec Ticks Tool.cuiw","f49f0105-fdcd-487f-a402-7b188e6d611a"
"Sliders-Fad S R-Rec Tool.cuiw","db001455-47c1-4dd0-a2a8-2c790082f876"
"Sliders-Fad S R-Rec.cuiw","091642c9-b4ad-4568-96d4-540ae0b65c38"
"Sliders-Fad S Rec Ticks Tool.cuiw","2b569f05-5306-4440-81b3-6aa4f2483855"
"Sliders-Fad S Rec Tool.cuiw","56561fa5-3ec3-49ea-aab7-7fd47a968425"
"Sliders-Fad S Rec.cuiw","a01dbb5f-e19d-42d7-a583-03d7b457ac30"
"Sliders-Fad XL Crcl Ticks Tool.cuiw","91a5eb3e-6bff-4bdd-89a2-078a348b8129"
"Sliders-Fad XL Crcl Tool.cuiw","a11ca3e3-0641-4bb2-beaf-169ee8b3f8b4"
"Sliders-Fad XL Crcl.cuiw","34e79e1d-01cd-4ad3-9052-ee43a0c95976"
"Sliders-Fad XL Ovl Ticks Tool.cuiw","46b56b52-ab22-4b78-b88e-91da81ab27e0"
"Sliders-Fad XL Ovl Tool.cuiw","265739e3-8e77-4c35-9217-493a766a6588"
"Sliders-Fad XL Ovl.cuiw","e4c3818e-7d2f-4444-9814-6348da6f24f1"
"Sliders-Fad XL R-Rec Ticks Tool.cuiw","9c174904-a697-4960-bfea-14dd150952e9"
"Sliders-Fad XL R-Rec Tool.cuiw","08e35092-6281-4377-a416-f870d16fc2cb"
"Sliders-Fad XL R-Rec.cuiw","cbeaed8d-a496-41f1-a10e-489d531b42e3"
"Sliders-Fad XL Rec Ticks Tool.cuiw","72ab70b4-996f-4a36-baa0-2a5149ca3a20"
"Sliders-Fad XL Rec Tool.cuiw","9276068b-8763-4245-8fb9-df23bbec87c3"
"Sliders-Fad XL Rec.cuiw","46787629-67ec-43b0-a60e-40fe3a90d186"
"Sliders-Fad XS Crcl Ticks Tool.cuiw","0f9b8cbc-f9ca-441a-a573-9d79c6dfc73e"
"Sliders-Fad XS Crcl Tool.cuiw","5e880580-e873-42ac-ba1d-a43413762ed7"
"Sliders-Fad XS Crcl.cuiw","3ae6da6a-5fab-4c90-a8d3-9765c93e73c7"
"Sliders-Fad XS Ovl Ticks Tool.cuiw","692383e9-b6df-4314-b0b6-f340cb7e9e6b"
"Sliders-Fad XS Ovl Tool.cuiw","9c5e0d20-edd0-4f3c-8a7c-da22da032b77"
"Sliders-Fad XS Ovl.cuiw","3e2d30e6-df43-4949-918e-ebe7ee1339f2"
"Sliders-Fad XS R-Rec Ticks Tool.cuiw","e6ebcf7f-8b06-4dc3-a0f7-3338385a0fa0"
"Sliders-Fad XS R-Rec Tool.cuiw","fa370594-0048-475b-8434-355b53e58dbc"
"Sliders-Fad XS R-Rec.cuiw","f790c3ad-62f3-430c-8cd6-0a2208cb3c4a"
"Sliders-Fad XS Rec Ticks Tool.cuiw","e01e44a9-02e4-403c-abd8-c6214a5f1b4b"
"Sliders-Fad XS Rec Tool.cuiw","8a92e34d-6a6d-4673-b5c4-ea3760068a46"
"Sliders-Fad XS Rec.cuiw","f20f1b4d-a938-4648-93ee-b329f9487c6a"
"Sliders-Gauge Ticks.cuiw","bb5e93df-fb6b-43cb-a634-9d0487c9691b"
"Sliders-Gauge.cuiw","08302d1d-83fb-4fee-8d0a-0c2b30bfbd31"
"Sliders-Rng L Crcl Ticks Tool.cuiw","df9b6d5a-ff49-48ba-8d10-509e19ad9eaa"
"Sliders-Rng L Crcl Tool.cuiw","df3277a8-60e1-4363-b037-f6135e7b7112"
"Sliders-Rng L Crcl.cuiw","ab9e9bc4-81d0-4e6d-aafe-3860cf71bfdc"
"Sliders-Rng L Ovl Ticks Tool.cuiw","cf024397-4638-4f46-b767-98595f01ed5e"
"Sliders-Rng L Ovl Tool.cuiw","5663995e-987d-4c0e-8711-d7657cb6dd6f"
"Sliders-Rng L Ovl.cuiw","2fa2ad26-c52c-4897-ba05-05422e51b03d"
"Sliders-Rng L R-Rec Ticks Tool.cuiw","7454b2be-8cb3-4464-9313-37291fb4843e"
"Sliders-Rng L R-Rec Tool.cuiw","97e2bb9d-5266-4cc2-b622-d6a4c48a88e7"
"Sliders-Rng L R-Rec.cuiw","93591f9a-5869-459a-9404-5fcb794a819d"
"Sliders-Rng L Rec Ticks Tool.cuiw","64bb0a81-eb7f-4023-ac53-96d86e7094e9"
"Sliders-Rng L Rec Tool.cuiw","e8df1023-bb28-4466-ab20-60ea3f3a1697"
"Sliders-Rng L Rec.cuiw","83ed4850-db93-4781-b137-96a8cf59c531"
"Sliders-Rng R Crcl Ticks Tool.cuiw","b6a46837-8cc3-4d0f-aa8d-47c657eeb2e6"
"Sliders-Rng R Crcl Tool.cuiw","a907f1cc-38c7-4998-949d-ea98dc72fd05"
"Sliders-Rng R Crcl.cuiw","5ddd5242-d3a2-45d7-8fbf-e95cfe2c2358"
"Sliders-Rng R Ovl Ticks Tool.cuiw","6bff93d9-de79-4b23-8547-b338f434fe5a"
"Sliders-Rng R Ovl Tool.cuiw","f04a3012-df2b-4e8b-84f5-54f420e33fd2"
"Sliders-Rng R Ovl.cuiw","97e4a504-ea07-4aeb-a911-bdf98b3ef5ac"
"Sliders-Rng R R-Rec Ticks Tool.cuiw","85627600-c3d1-4a50-a9a4-8ead6fc6453a"
"Sliders-Rng R R-Rec Tool.cuiw","3a228747-32bf-4c8c-8331-8ef5cb1a0538"
"Sliders-Rng R R-Rec.cuiw","be38ee57-54b4-452b-ae43-09f301212bbe"
"Sliders-Rng R Rec Ticks Tool.cuiw","e96da561-d8f1-4997-983b-b00eae717ed1"
"Sliders-Rng R Rec Tool.cuiw","976d310b-bfb9-438e-8400-280acb5b62b7"
"Sliders-Rng R Rec.cuiw","ec9b516d-06ad-431b-aba2-7644efcf6adb"
"Sliders-Rng S Crcl Ticks Tool.cuiw","10679a9d-644f-42e7-ac68-460fcadcdb74"
"Sliders-Rng S Crcl Tool.cuiw","40064ba4-2436-4979-8ab0-bc2f5efd7b84"
"Sliders-Rng S Crcl.cuiw","43bd2e9e-cfc6-4115-8ab1-60ed74cf764e"
"Sliders-Rng S Ovl Ticks Tool.cuiw","50d01c36-e517-4d62-aa9d-5a85fd884561"
"Sliders-Rng S Ovl Tool.cuiw","020ffbe1-8c98-406f-b56b-f9958c8db2ed"
"Sliders-Rng S Ovl.cuiw","6691ccd7-ca9f-4cbc-83a8-32b5ac28798a"
"Sliders-Rng S R-Rec Ticks Tool.cuiw","188ee84e-9492-48f3-9115-fc28050feae6"
"Sliders-Rng S R-Rec Tool.cuiw","4f144067-8654-4a13-b748-5f0d310c0bd8"
"Sliders-Rng S R-Rec.cuiw","9171413d-705b-4c0d-9642-41417a6bd1d4"
"Sliders-Rng S Rec Ticks Tool.cuiw","eab928dc-5b44-4516-9809-e4a0345bdfd5"
"Sliders-Rng S Rec Tool.cuiw","ab2dff97-89a6-45ef-abe3-6df945d70068"
"Sliders-Rng S Rec.cuiw","161b9d68-6ebf-4709-ba94-45869b69fad1"
"Sliders-Rng XL Crcl Ticks Tool.cuiw","ac8cf8f6-068b-4bcf-9b57-354b4621b83a"
"Sliders-Rng XL Crcl Tool.cuiw","f466cb80-acdd-4cfc-ad07-7911e6162143"
"Sliders-Rng XL Crcl.cuiw","18708aee-2d7b-4b83-a4cf-493b51b5b6ad"
"Sliders-Rng XL Ovl Ticks Tool.cuiw","c99f09a5-c9f1-4156-8c99-8f9df4199776"
"Sliders-Rng XL Ovl Tool.cuiw","091941b8-85b8-46d0-afb8-5db42bbda823"
"Sliders-Rng XL Ovl.cuiw","3dd9985d-47e6-4de6-b354-1781442a27e0"
"Sliders-Rng XL R-Rec Ticks Tool.cuiw","972d5b9f-b5ef-4455-80d0-ba051ef5197d"
"Sliders-Rng XL R-Rec Tool.cuiw","59c63246-6f4b-48e4-aaf5-aa6864e1a3b7"
"Sliders-Rng XL R-Rec.cuiw","52a725c9-09a1-4321-8a21-d947cdba62f3"
"Sliders-Rng XL Rec Ticks Tool.cuiw","170ee8a5-8a10-4763-bd74-aaff22846c2e"
"Sliders-Rng XL Rec Tool.cuiw","1ebdd3da-30a1-4384-86f3-d64567551bdf"
"Sliders-Rng XL Rec.cuiw","d0060da8-5d4f-4db4-8deb-1baf4841e19b"
"Sliders-Rng XS Crcl Ticks Tool.cuiw","f40fa0f3-e370-4f5d-aa2d-87f742c90ba2"
"Sliders-Rng XS Crcl Tool.cuiw","caa6c886-99b4-4d1e-8521-9f2bb9900f75"
"Sliders-Rng XS Crcl.cuiw","688a8a76-11de-47ec-a347-8f79442f7d31"
"Sliders-Rng XS Ovl Ticks Tool.cuiw","7a7b9562-e8d8-4425-ace6-1a9fe3ec3f62"
"Sliders-Rng XS Ovl Tool.cuiw","8924d5be-05b2-4ad5-8319-47e3e298dc00"
"Sliders-Rng XS Ovl.cuiw","21af79a0-3a7f-4e18-9893-35ecc848a4d4"
"Sliders-Rng XS R-Rec Ticks Tool.cuiw","58a2cb91-57dc-4811-9d6d-61dc828ddce6"
"Sliders-Rng XS R-Rec Tool.cuiw","7aebe999-c555-42fb-a93e-b2a75449fd07"
"Sliders-Rng XS R-Rec.cuiw","9d83fdaa-dc7a-4808-af43-301bdbe3fc8b"
"Sliders-Rng XS Rec Ticks Tool.cuiw","876d435b-8e79-401b-85e0-391abbcd7bef"
"Sliders-Rng XS Rec Tool.cuiw","1e1a57d7-b093-41a2-937a-2363dda999dc"
"Sliders-Rng XS Rec.cuiw","a7462aa6-c939-4ee9-8a43-1bb82ef412d3"
